[
    {
        "id": 3,
        "nombre": "Torta D",
        "imagen": "balcarce-cake.png",
        "precio": "5000",
        "description": "Descripcion de torta C",
        "descripcion": "YUJHYHH",
        "foto": ""
    },
    {
        "id": 1664973409845,
        "nombre": "torta nueva",
        "descripcion": "nueva torta rica",
        "precio": 5000,
        "imagen": "oreo-cake.png"
    },
    {
        "id": 1664985369179,
        "nombre": "Andy´s Tortita ",
        "descripcion": "yhujjj",
        "precio": "890788",
        "imagen": "torta-1664986126784.png"
    },
    {
        "id": 1664986162136,
        "nombre": "cheescake",
        "descripcion": "yhgtfrdesss",
        "precio": "8907654",
        "imagen": "torta-1664986162127.png"
    }
]