[
    {
        "id": 1,
        "nombre": "Facundo",
        "apellido": "Morcillo",
        "nacimiento": "1999-12-24",
        "telefono": "113829042",
        "domicilio": "3213",
        "domicilioPiso": "1",
        "domicilioDpto": "2",
        "email": "facundomorcillo@gmail.com",
        "password": "$2a$10$lA/Kv.ciUq.ZlUVccDofD.eJGmKwT0quvTUyZLnjmevYjWyWhfcna"
    },
    {
        "id": 6,
        "nombre": "Administrador",
        "apellido": "Sucre",
        "nacimiento": "2020-01-01",
        "telefono": "11 1234-4321",
        "domicilio": "Calle Admin 1234",
        "domicilioPiso": "1",
        "domicilioDpto": "A",
        "email": "administrador@sucre.com.ar",
        "password": "$2a$10$mO9L1/rQvXxO84WdrIx9tep898HznRi/AjAFOiRlVPrFu0L6GK4gi",
        "admin": true
    },
    {
        "id": 7,
        "nombre": "Registrado",
        "apellido": "Sucre",
        "nacimiento": "2024-01-01",
        "telefono": "11 4321-1234",
        "domicilio": "Calle Registrado 1234",
        "domicilioPiso": "9",
        "domicilioDpto": "B",
        "email": "registrado@sucre.com.ar",
        "password": "$2a$10$/KEb69ahLv7ZBPKMto5/g.GLN803mgSLE7sDTw22eQ6fLmygft/Fa"
    },
    {
        "id": 8,
        "nombre": "Antonella",
        "apellido": "villarroel",
        "nacimiento": "1990-03-02",
        "telefono": "223613933",
        "domicilio": "Rivadavia 3456",
        "domicilioPiso": "4",
        "domicilioDpto": "2",
        "email": "antus2020@gmail.com",
        "password": "$2a$10$jHdiOchGR5jxawqa1st5MeBjjNs.QCzrHLqQnm0bEEBkJ4F41jnwm"
    },
    {
        "id": 9,
        "nombre": "mariano",
        "apellido": "macias",
        "nacimiento": "1989-11-23",
        "telefono": "1139570431",
        "domicilio": "herrera 2026",
        "domicilioPiso": "0",
        "domicilioDpto": "0",
        "email": "mariano@mail.com",
        "password": "$2a$10$Dq8QuWn4KFmbDayX3JbT8.V8L3nesSLj9UoLXJnhe5duRxgYy1tM2"
    },
    {
        "id": 10,
        "nombre": "mariano",
        "apellido": "macias",
        "nacimiento": "1989-11-23",
        "telefono": "1139570431",
        "domicilio": "herrera 2026",
        "domicilioPiso": "0",
        "domicilioDpto": "0",
        "email": "mariano.maciasgandulfo@gmail.com",
        "password": "$2a$10$Q/950YqdkGbHRju8Y/c31u/3sbTQSqvw9gztVRxbBpFpbSGSuZwVC"
    }
]